user_id,genre,subscription_months,satisfaction_score,support_tickets,renewal_probability,clv_k_inr,churn_risk
USER_00001,Simulation,2,8.8,5,0.7,5.64,LOW
USER_00002,Action,11,8.8,2,0.7,5.64,LOW
USER_00003,Adventure,7,8.0,1,0.64,5.4,LOW
USER_00004,Action,6,8.6,0,0.69,5.58,LOW
USER_00005,Adventure,5,7.5,1,0.6,5.25,MEDIUM
USER_00006,Multiplayer,4,7.9,1,0.63,5.37,MEDIUM
USER_00007,Simulation,6,8.5,2,0.68,5.55,LOW
USER_00008,Adventure,9,7.4,0,0.59,5.22,MEDIUM
USER_00009,Multiplayer,12,7.1,0,0.57,5.13,MEDIUM
USER_00010,Action,2,6.7,3,0.54,5.01,MEDIUM
USER_00011,Adventure,3,8.5,2,0.68,5.55,LOW
USER_00012,Adventure,4,8.3,1,0.66,5.49,LOW
USER_00013,Multiplayer,12,7.6,1,0.61,5.28,MEDIUM
USER_00014,Simulation,6,6.7,2,0.54,5.01,MEDIUM
USER_00015,Multiplayer,11,6.4,1,0.51,4.92,HIGH
USER_00016,Adventure,1,6.6,3,0.53,4.98,MEDIUM
USER_00017,Adventure,9,9.4,1,0.75,5.82,LOW
USER_00018,Simulation,3,7.2,0,0.58,5.16,MEDIUM
USER_00019,Simulation,4,7.1,2,0.57,5.13,MEDIUM
USER_00020,Action,11,8.3,1,0.66,5.49,LOW
USER_00021,Simulation,3,8.8,0,0.7,5.64,LOW
USER_00022,Multiplayer,4,8.8,0,0.7,5.64,LOW
USER_00023,Action,8,7.7,3,0.62,5.31,MEDIUM
USER_00024,Action,3,8.6,3,0.69,5.58,LOW
USER_00025,Multiplayer,11,8.4,3,0.67,5.52,LOW
USER_00026,Simulation,8,8.4,0,0.67,5.52,LOW
USER_00027,Multiplayer,3,8.3,4,0.66,5.49,LOW
USER_00028,Simulation,12,9.1,1,0.73,5.73,LOW
USER_00029,Simulation,9,7.6,3,0.61,5.28,MEDIUM
USER_00030,Multiplayer,12,8.5,4,0.68,5.55,LOW
USER_00031,Multiplayer,8,8.7,4,0.7,5.61,LOW
USER_00032,Simulation,10,6.6,2,0.53,4.98,MEDIUM
USER_00033,Multiplayer,11,7.0,3,0.56,5.1,MEDIUM
USER_00034,Action,4,8.9,2,0.71,5.67,LOW
USER_00035,Adventure,4,6.4,0,0.51,4.92,HIGH
USER_00036,Multiplayer,4,8.0,2,0.64,5.4,LOW
USER_00037,Multiplayer,4,6.0,0,0.48,4.8,HIGH
USER_00038,Simulation,7,6.9,0,0.55,5.07,MEDIUM
USER_00039,Multiplayer,10,9.6,1,0.77,5.88,LOW
USER_00040,Adventure,6,5.9,1,0.47,4.77,HIGH
USER_00041,Simulation,9,7.9,2,0.63,5.37,MEDIUM
USER_00042,Action,3,6.4,0,0.51,4.92,HIGH
USER_00043,Action,5,8.9,3,0.71,5.67,LOW
USER_00044,Multiplayer,9,6.4,1,0.51,4.92,HIGH
USER_00045,Simulation,4,9.6,1,0.77,5.88,LOW
USER_00046,Action,8,7.4,1,0.59,5.22,MEDIUM
USER_00047,Simulation,7,8.7,1,0.7,5.61,LOW
USER_00048,Multiplayer,8,7.6,2,0.61,5.28,MEDIUM
USER_00049,Multiplayer,7,9.4,5,0.75,5.82,LOW
USER_00050,Simulation,8,6.6,0,0.53,4.98,MEDIUM
USER_00051,Simulation,5,6.2,1,0.5,4.86,HIGH
USER_00052,Multiplayer,1,8.9,3,0.71,5.67,LOW
USER_00053,Adventure,8,8.7,3,0.7,5.61,LOW
USER_00054,Adventure,5,7.8,2,0.62,5.34,MEDIUM
USER_00055,Action,6,5.8,0,0.46,4.74,HIGH
USER_00056,Action,5,7.6,2,0.61,5.28,MEDIUM
USER_00057,Action,5,5.9,2,0.47,4.77,HIGH
USER_00058,Adventure,2,9.2,1,0.74,5.76,LOW
USER_00059,Action,2,9.4,1,0.75,5.82,LOW
USER_00060,Simulation,1,5.4,0,0.43,4.62,HIGH
USER_00061,Adventure,6,7.3,1,0.58,5.19,MEDIUM
USER_00062,Adventure,11,9.1,1,0.73,5.73,LOW
USER_00063,Simulation,5,8.8,0,0.7,5.64,LOW
USER_00064,Simulation,12,7.8,2,0.62,5.34,MEDIUM
USER_00065,Simulation,4,7.1,2,0.57,5.13,MEDIUM
USER_00066,Adventure,12,7.7,0,0.62,5.31,MEDIUM
USER_00067,Simulation,1,7.6,2,0.61,5.28,MEDIUM
USER_00068,Simulation,5,6.7,0,0.54,5.01,MEDIUM
USER_00069,Simulation,7,7.0,1,0.56,5.1,MEDIUM
USER_00070,Multiplayer,10,7.9,1,0.63,5.37,MEDIUM
USER_00071,Action,8,8.2,1,0.66,5.46,LOW
USER_00072,Adventure,7,7.9,0,0.63,5.37,MEDIUM
USER_00073,Adventure,4,8.7,2,0.7,5.61,LOW
USER_00074,Adventure,8,7.2,1,0.58,5.16,MEDIUM
USER_00075,Adventure,9,7.5,3,0.6,5.25,MEDIUM
USER_00076,Multiplayer,12,6.9,3,0.55,5.07,MEDIUM
USER_00077,Multiplayer,6,7.9,1,0.63,5.37,MEDIUM
USER_00078,Action,6,6.4,3,0.51,4.92,HIGH
USER_00079,Adventure,7,7.2,2,0.58,5.16,MEDIUM
USER_00080,Multiplayer,4,8.3,1,0.66,5.49,LOW
USER_00081,Multiplayer,8,9.7,2,0.78,5.91,LOW
USER_00082,Action,6,6.5,0,0.52,4.95,MEDIUM
USER_00083,Adventure,10,7.5,0,0.6,5.25,MEDIUM
USER_00084,Adventure,5,8.6,1,0.69,5.58,LOW
USER_00085,Action,8,7.9,1,0.63,5.37,MEDIUM
USER_00086,Simulation,6,7.6,2,0.61,5.28,MEDIUM
USER_00087,Adventure,7,8.6,1,0.69,5.58,LOW
USER_00088,Multiplayer,11,8.1,1,0.65,5.43,LOW
USER_00089,Multiplayer,12,9.0,1,0.72,5.7,LOW
USER_00090,Simulation,6,7.0,0,0.56,5.1,MEDIUM
USER_00091,Action,10,6.9,1,0.55,5.07,MEDIUM
USER_00092,Action,3,7.8,1,0.62,5.34,MEDIUM
USER_00093,Adventure,6,7.8,1,0.62,5.34,MEDIUM
USER_00094,Multiplayer,7,7.1,3,0.57,5.13,MEDIUM
USER_00095,Adventure,7,9.0,0,0.72,5.7,LOW
USER_00096,Action,9,8.3,1,0.66,5.49,LOW
USER_00097,Multiplayer,4,7.9,2,0.63,5.37,MEDIUM
USER_00098,Multiplayer,2,8.2,3,0.66,5.46,LOW
USER_00099,Simulation,10,7.4,3,0.59,5.22,MEDIUM
USER_00100,Multiplayer,11,7.6,0,0.61,5.28,MEDIUM
USER_00101,Simulation,2,8.5,2,0.68,5.55,LOW
USER_00102,Adventure,2,7.2,0,0.58,5.16,MEDIUM
USER_00103,Adventure,1,8.4,2,0.67,5.52,LOW
USER_00104,Multiplayer,1,7.4,0,0.59,5.22,MEDIUM
USER_00105,Adventure,4,9.4,0,0.75,5.82,LOW
USER_00106,Action,7,7.0,2,0.56,5.1,MEDIUM
USER_00107,Simulation,4,9.3,1,0.74,5.79,LOW
USER_00108,Adventure,5,9.4,1,0.75,5.82,LOW
USER_00109,Action,8,9.6,1,0.77,5.88,LOW
USER_00110,Action,6,7.2,3,0.58,5.16,MEDIUM
USER_00111,Action,3,6.1,0,0.49,4.83,HIGH
USER_00112,Simulation,7,6.9,1,0.55,5.07,MEDIUM
USER_00113,Multiplayer,3,6.9,3,0.55,5.07,MEDIUM
USER_00114,Action,3,6.7,1,0.54,5.01,MEDIUM
USER_00115,Multiplayer,8,8.4,2,0.67,5.52,LOW
USER_00116,Action,7,8.9,0,0.71,5.67,LOW
USER_00117,Adventure,3,7.7,0,0.62,5.31,MEDIUM
USER_00118,Adventure,5,7.2,6,0.58,5.16,MEDIUM
USER_00119,Multiplayer,12,7.7,0,0.62,5.31,MEDIUM
USER_00120,Multiplayer,3,8.0,2,0.64,5.4,LOW
USER_00121,Simulation,10,7.8,2,0.62,5.34,MEDIUM
USER_00122,Adventure,9,8.0,3,0.64,5.4,LOW
USER_00123,Multiplayer,5,8.4,0,0.67,5.52,LOW
USER_00124,Adventure,1,6.9,0,0.55,5.07,MEDIUM
USER_00125,Adventure,8,7.3,2,0.58,5.19,MEDIUM
USER_00126,Action,7,8.5,2,0.68,5.55,LOW
USER_00127,Adventure,9,8.0,1,0.64,5.4,LOW
USER_00128,Simulation,10,8.7,0,0.7,5.61,LOW
USER_00129,Multiplayer,8,9.1,1,0.73,5.73,LOW
USER_00130,Multiplayer,10,8.0,3,0.64,5.4,LOW
USER_00131,Action,12,7.0,0,0.56,5.1,MEDIUM
USER_00132,Action,5,8.1,2,0.65,5.43,LOW
USER_00133,Multiplayer,6,7.8,3,0.62,5.34,MEDIUM
USER_00134,Simulation,7,7.8,2,0.62,5.34,MEDIUM
USER_00135,Adventure,7,7.0,1,0.56,5.1,MEDIUM
USER_00136,Adventure,3,7.6,2,0.61,5.28,MEDIUM
USER_00137,Multiplayer,8,7.0,2,0.56,5.1,MEDIUM
USER_00138,Multiplayer,11,8.3,1,0.66,5.49,LOW
USER_00139,Adventure,12,6.5,2,0.52,4.95,MEDIUM
USER_00140,Action,7,9.3,0,0.74,5.79,LOW
USER_00141,Action,4,9.5,2,0.76,5.85,LOW
USER_00142,Adventure,5,8.0,0,0.64,5.4,LOW
USER_00143,Simulation,11,8.3,0,0.66,5.49,LOW
USER_00144,Action,12,8.2,0,0.66,5.46,LOW
USER_00145,Adventure,8,9.5,3,0.76,5.85,LOW
USER_00146,Multiplayer,9,7.5,1,0.6,5.25,MEDIUM
USER_00147,Action,6,8.5,0,0.68,5.55,LOW
USER_00148,Action,2,8.0,1,0.64,5.4,LOW
USER_00149,Simulation,7,8.9,1,0.71,5.67,LOW
USER_00150,Multiplayer,3,9.1,2,0.73,5.73,LOW
USER_00151,Simulation,4,8.7,3,0.7,5.61,LOW
USER_00152,Action,8,6.3,1,0.5,4.89,HIGH
USER_00153,Action,2,6.7,1,0.54,5.01,MEDIUM
USER_00154,Multiplayer,7,8.1,0,0.65,5.43,LOW
USER_00155,Simulation,12,8.6,0,0.69,5.58,LOW
USER_00156,Multiplayer,4,7.5,2,0.6,5.25,MEDIUM
USER_00157,Multiplayer,1,7.1,2,0.57,5.13,MEDIUM
USER_00158,Action,5,7.9,2,0.63,5.37,MEDIUM
USER_00159,Action,12,8.6,2,0.69,5.58,LOW
USER_00160,Adventure,6,7.9,2,0.63,5.37,MEDIUM
USER_00161,Multiplayer,8,8.3,3,0.66,5.49,LOW
USER_00162,Multiplayer,2,6.8,3,0.54,5.04,MEDIUM
USER_00163,Action,9,7.9,5,0.63,5.37,MEDIUM
USER_00164,Adventure,12,7.5,0,0.6,5.25,MEDIUM
USER_00165,Multiplayer,3,8.1,0,0.65,5.43,LOW
USER_00166,Multiplayer,5,7.4,2,0.59,5.22,MEDIUM
USER_00167,Adventure,3,7.2,1,0.58,5.16,MEDIUM
USER_00168,Action,10,7.2,2,0.58,5.16,MEDIUM
USER_00169,Action,3,7.4,2,0.59,5.22,MEDIUM
USER_00170,Simulation,2,7.3,3,0.58,5.19,MEDIUM
USER_00171,Multiplayer,3,6.7,0,0.54,5.01,MEDIUM
USER_00172,Action,11,7.2,2,0.58,5.16,MEDIUM
USER_00173,Action,11,6.8,1,0.54,5.04,MEDIUM
USER_00174,Simulation,3,7.4,0,0.59,5.22,MEDIUM
USER_00175,Multiplayer,6,7.1,2,0.57,5.13,MEDIUM
USER_00176,Adventure,4,7.4,3,0.59,5.22,MEDIUM
USER_00177,Action,11,7.8,2,0.62,5.34,MEDIUM
USER_00178,Adventure,8,8.0,0,0.64,5.4,LOW
USER_00179,Action,11,9.7,1,0.78,5.91,LOW
USER_00180,Action,7,9.8,0,0.78,5.94,LOW
USER_00181,Simulation,8,6.6,2,0.53,4.98,MEDIUM
USER_00182,Action,10,8.1,1,0.65,5.43,LOW
USER_00183,Action,1,7.6,2,0.61,5.28,MEDIUM
USER_00184,Multiplayer,4,8.9,2,0.71,5.67,LOW
USER_00185,Adventure,6,9.8,3,0.78,5.94,LOW
USER_00186,Adventure,4,8.1,0,0.65,5.43,LOW
USER_00187,Action,1,7.7,0,0.62,5.31,MEDIUM
USER_00188,Multiplayer,1,5.3,1,0.42,4.59,HIGH
USER_00189,Action,6,7.4,0,0.59,5.22,MEDIUM
USER_00190,Adventure,11,8.2,2,0.66,5.46,LOW
USER_00191,Action,4,5.5,1,0.44,4.65,HIGH
USER_00192,Action,11,6.9,1,0.55,5.07,MEDIUM
USER_00193,Adventure,12,8.8,1,0.7,5.64,LOW
USER_00194,Adventure,1,8.7,2,0.7,5.61,LOW
USER_00195,Multiplayer,9,8.1,2,0.65,5.43,LOW
USER_00196,Action,6,8.0,1,0.64,5.4,LOW
USER_00197,Simulation,9,8.7,1,0.7,5.61,LOW
USER_00198,Adventure,10,7.2,2,0.58,5.16,MEDIUM
USER_00199,Adventure,9,9.4,1,0.75,5.82,LOW
USER_00200,Multiplayer,7,9.4,0,0.75,5.82,LOW
USER_00201,Action,4,8.2,2,0.66,5.46,LOW
USER_00202,Adventure,2,7.8,0,0.62,5.34,MEDIUM
USER_00203,Simulation,6,8.4,0,0.67,5.52,LOW
USER_00204,Adventure,1,5.6,0,0.45,4.68,HIGH
USER_00205,Multiplayer,11,8.5,0,0.68,5.55,LOW
USER_00206,Simulation,1,9.8,0,0.78,5.94,LOW
USER_00207,Multiplayer,4,9.1,5,0.73,5.73,LOW
USER_00208,Multiplayer,4,7.6,2,0.61,5.28,MEDIUM
USER_00209,Action,11,6.6,2,0.53,4.98,MEDIUM
USER_00210,Simulation,11,6.3,3,0.5,4.89,HIGH
USER_00211,Simulation,1,7.5,1,0.6,5.25,MEDIUM
USER_00212,Action,4,7.1,0,0.57,5.13,MEDIUM
USER_00213,Multiplayer,5,6.9,1,0.55,5.07,MEDIUM
USER_00214,Multiplayer,2,8.2,2,0.66,5.46,LOW
USER_00215,Adventure,5,7.4,2,0.59,5.22,MEDIUM
USER_00216,Action,10,7.4,1,0.59,5.22,MEDIUM
USER_00217,Simulation,11,8.2,3,0.66,5.46,LOW
USER_00218,Multiplayer,11,9.0,1,0.72,5.7,LOW
USER_00219,Adventure,6,8.4,0,0.67,5.52,LOW
USER_00220,Adventure,11,9.5,2,0.76,5.85,LOW
USER_00221,Simulation,11,7.2,3,0.58,5.16,MEDIUM
USER_00222,Multiplayer,2,9.2,2,0.74,5.76,LOW
USER_00223,Simulation,1,8.4,1,0.67,5.52,LOW
USER_00224,Multiplayer,7,8.3,0,0.66,5.49,LOW
USER_00225,Adventure,9,8.0,2,0.64,5.4,LOW
USER_00226,Action,4,8.9,2,0.71,5.67,LOW
USER_00227,Action,10,7.8,0,0.62,5.34,MEDIUM
USER_00228,Action,5,6.8,0,0.54,5.04,MEDIUM
USER_00229,Adventure,12,8.0,3,0.64,5.4,LOW
USER_00230,Multiplayer,4,8.3,5,0.66,5.49,LOW
USER_00231,Action,1,7.4,2,0.59,5.22,MEDIUM
USER_00232,Adventure,6,7.6,1,0.61,5.28,MEDIUM
USER_00233,Multiplayer,5,8.0,2,0.64,5.4,LOW
USER_00234,Adventure,3,6.6,5,0.53,4.98,MEDIUM
USER_00235,Multiplayer,4,7.9,1,0.63,5.37,MEDIUM
USER_00236,Action,4,9.2,1,0.74,5.76,LOW
USER_00237,Multiplayer,12,8.2,1,0.66,5.46,LOW
USER_00238,Simulation,3,8.5,1,0.68,5.55,LOW
USER_00239,Simulation,6,9.5,1,0.76,5.85,LOW
USER_00240,Action,9,9.0,0,0.72,5.7,LOW
USER_00241,Multiplayer,11,6.6,0,0.53,4.98,MEDIUM
USER_00242,Simulation,1,7.9,3,0.63,5.37,MEDIUM
USER_00243,Adventure,12,7.0,0,0.56,5.1,MEDIUM
USER_00244,Simulation,6,8.3,3,0.66,5.49,LOW
USER_00245,Adventure,4,6.9,1,0.55,5.07,MEDIUM
USER_00246,Action,11,7.2,2,0.58,5.16,MEDIUM
USER_00247,Adventure,11,8.5,2,0.68,5.55,LOW
USER_00248,Adventure,10,8.9,1,0.71,5.67,LOW
USER_00249,Multiplayer,9,7.4,2,0.59,5.22,MEDIUM
USER_00250,Simulation,3,6.3,1,0.5,4.89,HIGH
USER_00251,Multiplayer,11,6.6,1,0.53,4.98,MEDIUM
USER_00252,Action,2,6.3,1,0.5,4.89,HIGH
USER_00253,Multiplayer,2,7.8,0,0.62,5.34,MEDIUM
USER_00254,Adventure,1,9.3,0,0.74,5.79,LOW
USER_00255,Adventure,4,8.9,2,0.71,5.67,LOW
USER_00256,Adventure,2,9.5,0,0.76,5.85,LOW
USER_00257,Adventure,10,7.7,2,0.62,5.31,MEDIUM
USER_00258,Adventure,4,7.4,0,0.59,5.22,MEDIUM
USER_00259,Action,7,8.9,1,0.71,5.67,LOW
USER_00260,Multiplayer,5,7.4,2,0.59,5.22,MEDIUM
USER_00261,Adventure,12,7.8,0,0.62,5.34,MEDIUM
USER_00262,Adventure,4,6.7,1,0.54,5.01,MEDIUM
USER_00263,Multiplayer,3,7.3,1,0.58,5.19,MEDIUM
USER_00264,Adventure,5,8.3,2,0.66,5.49,LOW
USER_00265,Simulation,10,9.9,5,0.79,5.97,LOW
USER_00266,Multiplayer,11,7.9,1,0.63,5.37,MEDIUM
USER_00267,Adventure,5,7.1,3,0.57,5.13,MEDIUM
USER_00268,Multiplayer,2,7.7,2,0.62,5.31,MEDIUM
USER_00269,Simulation,7,7.7,0,0.62,5.31,MEDIUM
USER_00270,Multiplayer,3,8.1,1,0.65,5.43,LOW
USER_00271,Multiplayer,8,6.5,1,0.52,4.95,MEDIUM
USER_00272,Multiplayer,9,8.9,1,0.71,5.67,LOW
USER_00273,Multiplayer,3,8.0,2,0.64,5.4,LOW
USER_00274,Multiplayer,1,6.7,0,0.54,5.01,MEDIUM
USER_00275,Multiplayer,7,7.4,4,0.59,5.22,MEDIUM
USER_00276,Action,5,7.7,0,0.62,5.31,MEDIUM
USER_00277,Adventure,9,8.0,2,0.64,5.4,LOW
USER_00278,Adventure,5,6.6,1,0.53,4.98,MEDIUM
USER_00279,Multiplayer,8,9.0,2,0.72,5.7,LOW
USER_00280,Simulation,8,6.6,0,0.53,4.98,MEDIUM
USER_00281,Simulation,7,8.3,1,0.66,5.49,LOW
USER_00282,Multiplayer,2,6.1,2,0.49,4.83,HIGH
USER_00283,Simulation,3,8.2,2,0.66,5.46,LOW
USER_00284,Multiplayer,4,7.9,1,0.63,5.37,MEDIUM
USER_00285,Adventure,4,7.1,1,0.57,5.13,MEDIUM
USER_00286,Action,1,7.3,4,0.58,5.19,MEDIUM
USER_00287,Simulation,8,8.3,3,0.66,5.49,LOW
USER_00288,Multiplayer,7,7.9,4,0.63,5.37,MEDIUM
USER_00289,Multiplayer,12,7.7,4,0.62,5.31,MEDIUM
USER_00290,Simulation,7,8.3,3,0.66,5.49,LOW
USER_00291,Multiplayer,5,7.0,1,0.56,5.1,MEDIUM
USER_00292,Action,7,9.1,4,0.73,5.73,LOW
USER_00293,Action,2,8.9,2,0.71,5.67,LOW
USER_00294,Multiplayer,10,6.4,2,0.51,4.92,HIGH
USER_00295,Adventure,4,6.8,3,0.54,5.04,MEDIUM
USER_00296,Multiplayer,5,7.3,1,0.58,5.19,MEDIUM
USER_00297,Simulation,9,5.9,1,0.47,4.77,HIGH
USER_00298,Multiplayer,11,8.9,3,0.71,5.67,LOW
USER_00299,Simulation,12,6.3,1,0.5,4.89,HIGH
USER_00300,Action,11,9.3,0,0.74,5.79,LOW
USER_00301,Multiplayer,7,7.1,0,0.57,5.13,MEDIUM
USER_00302,Adventure,4,9.0,3,0.72,5.7,LOW
USER_00303,Multiplayer,1,7.4,0,0.59,5.22,MEDIUM
USER_00304,Simulation,11,8.3,1,0.66,5.49,LOW
USER_00305,Action,12,5.3,0,0.42,4.59,HIGH
USER_00306,Adventure,5,6.9,1,0.55,5.07,MEDIUM
USER_00307,Multiplayer,11,6.7,3,0.54,5.01,MEDIUM
USER_00308,Adventure,5,7.2,3,0.58,5.16,MEDIUM
USER_00309,Adventure,10,8.9,2,0.71,5.67,LOW
USER_00310,Adventure,1,8.6,2,0.69,5.58,LOW
USER_00311,Action,2,8.5,2,0.68,5.55,LOW
USER_00312,Multiplayer,7,7.2,1,0.58,5.16,MEDIUM
USER_00313,Action,9,8.5,0,0.68,5.55,LOW
USER_00314,Adventure,7,8.6,0,0.69,5.58,LOW
USER_00315,Adventure,7,8.0,5,0.64,5.4,LOW
USER_00316,Simulation,12,7.5,1,0.6,5.25,MEDIUM
USER_00317,Simulation,9,8.2,1,0.66,5.46,LOW
USER_00318,Multiplayer,10,8.0,2,0.64,5.4,LOW
USER_00319,Simulation,12,7.7,1,0.62,5.31,MEDIUM
USER_00320,Multiplayer,12,7.0,1,0.56,5.1,MEDIUM
USER_00321,Action,2,7.6,0,0.61,5.28,MEDIUM
USER_00322,Simulation,3,8.8,4,0.7,5.64,LOW
USER_00323,Simulation,12,8.7,1,0.7,5.61,LOW
USER_00324,Adventure,12,8.3,5,0.66,5.49,LOW
USER_00325,Multiplayer,12,9.5,0,0.76,5.85,LOW
USER_00326,Simulation,1,8.4,0,0.67,5.52,LOW
USER_00327,Adventure,8,8.4,2,0.67,5.52,LOW
USER_00328,Action,2,8.6,2,0.69,5.58,LOW
USER_00329,Action,12,7.8,3,0.62,5.34,MEDIUM
USER_00330,Multiplayer,9,8.5,0,0.68,5.55,LOW
USER_00331,Multiplayer,11,8.0,1,0.64,5.4,LOW
USER_00332,Simulation,12,10.0,2,0.8,6.0,LOW
USER_00333,Multiplayer,3,7.5,2,0.6,5.25,MEDIUM
USER_00334,Adventure,6,7.0,0,0.56,5.1,MEDIUM
USER_00335,Adventure,12,9.0,1,0.72,5.7,LOW
USER_00336,Adventure,4,9.0,0,0.72,5.7,LOW
USER_00337,Multiplayer,3,7.8,4,0.62,5.34,MEDIUM
USER_00338,Action,8,9.1,1,0.73,5.73,LOW
USER_00339,Adventure,3,8.2,3,0.66,5.46,LOW
USER_00340,Adventure,1,8.0,2,0.64,5.4,LOW
USER_00341,Adventure,4,9.1,3,0.73,5.73,LOW
USER_00342,Simulation,7,8.0,0,0.64,5.4,LOW
USER_00343,Multiplayer,11,7.7,1,0.62,5.31,MEDIUM
USER_00344,Action,11,9.8,2,0.78,5.94,LOW
USER_00345,Adventure,2,9.0,1,0.72,5.7,LOW
USER_00346,Simulation,2,6.6,0,0.53,4.98,MEDIUM
USER_00347,Multiplayer,2,9.5,2,0.76,5.85,LOW
USER_00348,Simulation,2,6.3,0,0.5,4.89,HIGH
USER_00349,Simulation,1,7.5,0,0.6,5.25,MEDIUM
USER_00350,Adventure,8,7.4,2,0.59,5.22,MEDIUM
USER_00351,Multiplayer,11,7.3,0,0.58,5.19,MEDIUM
USER_00352,Action,1,7.7,1,0.62,5.31,MEDIUM
USER_00353,Action,5,8.1,1,0.65,5.43,LOW
USER_00354,Action,11,7.7,2,0.62,5.31,MEDIUM
USER_00355,Action,2,5.7,3,0.46,4.71,HIGH
USER_00356,Adventure,9,6.8,0,0.54,5.04,MEDIUM
USER_00357,Action,7,8.0,1,0.64,5.4,LOW
USER_00358,Simulation,8,7.5,0,0.6,5.25,MEDIUM
USER_00359,Multiplayer,6,9.5,1,0.76,5.85,LOW
USER_00360,Multiplayer,6,7.1,2,0.57,5.13,MEDIUM
USER_00361,Simulation,11,8.3,0,0.66,5.49,LOW
USER_00362,Simulation,6,7.2,2,0.58,5.16,MEDIUM
USER_00363,Adventure,6,7.9,2,0.63,5.37,MEDIUM
USER_00364,Multiplayer,7,8.8,1,0.7,5.64,LOW
USER_00365,Action,6,9.1,1,0.73,5.73,LOW
USER_00366,Simulation,2,7.7,2,0.62,5.31,MEDIUM
USER_00367,Action,8,8.5,1,0.68,5.55,LOW
USER_00368,Multiplayer,12,7.4,2,0.59,5.22,MEDIUM
USER_00369,Adventure,1,8.9,1,0.71,5.67,LOW
USER_00370,Action,9,7.7,0,0.62,5.31,MEDIUM
USER_00371,Simulation,12,7.6,4,0.61,5.28,MEDIUM
USER_00372,Adventure,6,9.7,2,0.78,5.91,LOW
USER_00373,Multiplayer,10,8.4,3,0.67,5.52,LOW
USER_00374,Multiplayer,9,7.2,2,0.58,5.16,MEDIUM
USER_00375,Multiplayer,11,7.3,2,0.58,5.19,MEDIUM
USER_00376,Adventure,1,6.3,1,0.5,4.89,HIGH
USER_00377,Simulation,1,6.9,0,0.55,5.07,MEDIUM
USER_00378,Simulation,1,6.2,2,0.5,4.86,HIGH
USER_00379,Simulation,11,6.3,1,0.5,4.89,HIGH
USER_00380,Multiplayer,4,9.0,1,0.72,5.7,LOW
USER_00381,Multiplayer,7,7.4,1,0.59,5.22,MEDIUM
USER_00382,Action,6,6.2,2,0.5,4.86,HIGH
USER_00383,Multiplayer,8,6.5,0,0.52,4.95,MEDIUM
USER_00384,Action,12,4.9,0,0.39,4.47,HIGH
USER_00385,Multiplayer,5,7.2,0,0.58,5.16,MEDIUM
USER_00386,Adventure,12,6.2,1,0.5,4.86,HIGH
USER_00387,Adventure,9,7.9,0,0.63,5.37,MEDIUM
USER_00388,Action,3,8.1,2,0.65,5.43,LOW
USER_00389,Multiplayer,2,7.8,1,0.62,5.34,MEDIUM
USER_00390,Simulation,11,8.8,1,0.7,5.64,LOW
USER_00391,Multiplayer,3,9.6,3,0.77,5.88,LOW
USER_00392,Multiplayer,2,7.0,1,0.56,5.1,MEDIUM
USER_00393,Multiplayer,11,8.1,2,0.65,5.43,LOW
USER_00394,Adventure,4,6.7,3,0.54,5.01,MEDIUM
USER_00395,Adventure,3,9.1,2,0.73,5.73,LOW
USER_00396,Action,2,7.3,0,0.58,5.19,MEDIUM
USER_00397,Multiplayer,12,8.9,1,0.71,5.67,LOW
USER_00398,Action,3,7.0,1,0.56,5.1,MEDIUM
USER_00399,Simulation,7,7.6,2,0.61,5.28,MEDIUM
USER_00400,Simulation,4,7.4,1,0.59,5.22,MEDIUM
USER_00401,Simulation,11,5.9,3,0.47,4.77,HIGH
USER_00402,Multiplayer,11,8.2,3,0.66,5.46,LOW
USER_00403,Action,11,8.3,1,0.66,5.49,LOW
USER_00404,Adventure,9,9.8,0,0.78,5.94,LOW
USER_00405,Multiplayer,2,6.8,3,0.54,5.04,MEDIUM
USER_00406,Simulation,4,6.6,2,0.53,4.98,MEDIUM
USER_00407,Action,11,9.6,0,0.77,5.88,LOW
USER_00408,Simulation,7,8.0,1,0.64,5.4,LOW
USER_00409,Multiplayer,11,9.7,2,0.78,5.91,LOW
USER_00410,Multiplayer,4,9.6,3,0.77,5.88,LOW
USER_00411,Adventure,5,9.2,0,0.74,5.76,LOW
USER_00412,Action,5,7.3,3,0.58,5.19,MEDIUM
USER_00413,Action,2,7.6,0,0.61,5.28,MEDIUM
USER_00414,Action,6,8.5,1,0.68,5.55,LOW
USER_00415,Adventure,12,6.4,0,0.51,4.92,HIGH
USER_00416,Action,10,6.7,0,0.54,5.01,MEDIUM
USER_00417,Simulation,3,8.0,0,0.64,5.4,LOW
USER_00418,Simulation,7,8.9,0,0.71,5.67,LOW
USER_00419,Action,5,6.6,2,0.53,4.98,MEDIUM
USER_00420,Action,10,7.1,0,0.57,5.13,MEDIUM
USER_00421,Adventure,7,7.0,2,0.56,5.1,MEDIUM
USER_00422,Multiplayer,6,6.3,3,0.5,4.89,HIGH
USER_00423,Simulation,11,7.5,1,0.6,5.25,MEDIUM
USER_00424,Adventure,9,6.9,1,0.55,5.07,MEDIUM
USER_00425,Adventure,2,6.7,1,0.54,5.01,MEDIUM
USER_00426,Multiplayer,1,8.2,1,0.66,5.46,LOW
USER_00427,Multiplayer,6,6.7,2,0.54,5.01,MEDIUM
USER_00428,Adventure,5,6.0,1,0.48,4.8,HIGH
USER_00429,Adventure,8,7.0,2,0.56,5.1,MEDIUM
USER_00430,Multiplayer,3,6.8,1,0.54,5.04,MEDIUM
USER_00431,Simulation,3,9.1,2,0.73,5.73,LOW
USER_00432,Action,10,7.8,2,0.62,5.34,MEDIUM
USER_00433,Simulation,5,8.8,3,0.7,5.64,LOW
USER_00434,Action,5,9.1,4,0.73,5.73,LOW
USER_00435,Multiplayer,11,9.9,0,0.79,5.97,LOW
USER_00436,Adventure,8,8.7,0,0.7,5.61,LOW
USER_00437,Simulation,12,8.1,1,0.65,5.43,LOW
USER_00438,Multiplayer,1,8.7,1,0.7,5.61,LOW
USER_00439,Simulation,3,9.4,0,0.75,5.82,LOW
USER_00440,Adventure,12,7.8,1,0.62,5.34,MEDIUM
USER_00441,Adventure,12,8.9,3,0.71,5.67,LOW
USER_00442,Action,3,8.5,1,0.68,5.55,LOW
USER_00443,Multiplayer,12,7.4,2,0.59,5.22,MEDIUM
USER_00444,Multiplayer,5,7.5,1,0.6,5.25,MEDIUM
USER_00445,Adventure,1,7.9,0,0.63,5.37,MEDIUM
USER_00446,Multiplayer,6,8.2,2,0.66,5.46,LOW
USER_00447,Multiplayer,11,7.5,1,0.6,5.25,MEDIUM
USER_00448,Multiplayer,6,7.7,1,0.62,5.31,MEDIUM
USER_00449,Multiplayer,7,6.6,0,0.53,4.98,MEDIUM
USER_00450,Action,9,7.7,2,0.62,5.31,MEDIUM
USER_00451,Simulation,5,8.1,1,0.65,5.43,LOW
USER_00452,Adventure,12,9.3,5,0.74,5.79,LOW
USER_00453,Multiplayer,2,9.6,0,0.77,5.88,LOW
USER_00454,Adventure,6,9.6,3,0.77,5.88,LOW
USER_00455,Action,12,8.5,2,0.68,5.55,LOW
USER_00456,Simulation,8,7.2,2,0.58,5.16,MEDIUM
USER_00457,Adventure,10,9.4,1,0.75,5.82,LOW
USER_00458,Adventure,8,8.3,0,0.66,5.49,LOW
USER_00459,Multiplayer,5,7.6,0,0.61,5.28,MEDIUM
USER_00460,Adventure,4,6.9,1,0.55,5.07,MEDIUM
USER_00461,Adventure,12,7.8,1,0.62,5.34,MEDIUM
USER_00462,Adventure,12,8.2,2,0.66,5.46,LOW
USER_00463,Action,6,9.1,4,0.73,5.73,LOW
USER_00464,Action,11,6.6,0,0.53,4.98,MEDIUM
USER_00465,Adventure,7,6.8,1,0.54,5.04,MEDIUM
USER_00466,Multiplayer,11,8.4,4,0.67,5.52,LOW
USER_00467,Adventure,1,8.2,1,0.66,5.46,LOW
USER_00468,Action,6,8.0,2,0.64,5.4,LOW
USER_00469,Multiplayer,3,7.9,5,0.63,5.37,MEDIUM
USER_00470,Action,2,8.1,1,0.65,5.43,LOW
USER_00471,Simulation,10,6.4,2,0.51,4.92,HIGH
USER_00472,Multiplayer,3,7.5,1,0.6,5.25,MEDIUM
USER_00473,Multiplayer,4,6.9,0,0.55,5.07,MEDIUM
USER_00474,Action,2,8.1,4,0.65,5.43,LOW
USER_00475,Adventure,7,6.8,4,0.54,5.04,MEDIUM
USER_00476,Multiplayer,5,8.1,0,0.65,5.43,LOW
USER_00477,Adventure,11,7.1,1,0.57,5.13,MEDIUM
USER_00478,Multiplayer,12,8.3,2,0.66,5.49,LOW
USER_00479,Action,8,8.0,3,0.64,5.4,LOW
USER_00480,Multiplayer,5,5.3,3,0.42,4.59,HIGH
USER_00481,Multiplayer,6,6.6,3,0.53,4.98,MEDIUM
USER_00482,Action,2,8.6,1,0.69,5.58,LOW
USER_00483,Action,2,5.7,0,0.46,4.71,HIGH
USER_00484,Action,8,8.0,1,0.64,5.4,LOW
USER_00485,Adventure,1,8.3,1,0.66,5.49,LOW
USER_00486,Multiplayer,5,7.9,2,0.63,5.37,MEDIUM
USER_00487,Action,10,8.9,1,0.71,5.67,LOW
USER_00488,Adventure,7,8.4,0,0.67,5.52,LOW
USER_00489,Multiplayer,11,7.0,0,0.56,5.1,MEDIUM
USER_00490,Multiplayer,5,9.0,2,0.72,5.7,LOW
USER_00491,Adventure,2,8.0,2,0.64,5.4,LOW
USER_00492,Simulation,2,6.4,0,0.51,4.92,HIGH
USER_00493,Adventure,7,7.0,1,0.56,5.1,MEDIUM
USER_00494,Action,7,8.5,1,0.68,5.55,LOW
USER_00495,Multiplayer,2,9.3,0,0.74,5.79,LOW
USER_00496,Action,4,7.8,1,0.62,5.34,MEDIUM
USER_00497,Action,3,9.3,1,0.74,5.79,LOW
USER_00498,Adventure,1,6.6,1,0.53,4.98,MEDIUM
USER_00499,Multiplayer,6,7.8,0,0.62,5.34,MEDIUM
USER_00500,Action,1,7.1,0,0.57,5.13,MEDIUM
USER_00501,Adventure,10,6.5,0,0.52,4.95,MEDIUM
USER_00502,Adventure,11,6.6,2,0.53,4.98,MEDIUM
USER_00503,Adventure,2,6.7,0,0.54,5.01,MEDIUM
USER_00504,Simulation,1,9.0,1,0.72,5.7,LOW
USER_00505,Action,2,8.3,3,0.66,5.49,LOW
USER_00506,Simulation,6,6.6,0,0.53,4.98,MEDIUM
USER_00507,Adventure,7,8.8,1,0.7,5.64,LOW
USER_00508,Action,4,8.7,2,0.7,5.61,LOW
USER_00509,Simulation,1,8.7,1,0.7,5.61,LOW
USER_00510,Simulation,11,6.9,2,0.55,5.07,MEDIUM
USER_00511,Multiplayer,3,9.3,2,0.74,5.79,LOW
USER_00512,Multiplayer,12,7.1,2,0.57,5.13,MEDIUM
USER_00513,Simulation,9,8.1,1,0.65,5.43,LOW
USER_00514,Simulation,10,8.5,2,0.68,5.55,LOW
USER_00515,Adventure,12,7.8,0,0.62,5.34,MEDIUM
USER_00516,Action,11,7.6,2,0.61,5.28,MEDIUM
USER_00517,Action,4,10.0,2,0.8,6.0,LOW
USER_00518,Action,4,5.7,2,0.46,4.71,HIGH
USER_00519,Adventure,5,7.5,1,0.6,5.25,MEDIUM
USER_00520,Adventure,3,7.9,3,0.63,5.37,MEDIUM
USER_00521,Adventure,10,9.3,1,0.74,5.79,LOW
USER_00522,Simulation,5,7.1,0,0.57,5.13,MEDIUM
USER_00523,Adventure,12,8.1,0,0.65,5.43,LOW
USER_00524,Multiplayer,2,6.3,1,0.5,4.89,HIGH
USER_00525,Simulation,5,8.8,0,0.7,5.64,LOW
USER_00526,Multiplayer,11,6.1,0,0.49,4.83,HIGH
USER_00527,Adventure,7,6.4,2,0.51,4.92,HIGH
USER_00528,Multiplayer,2,8.2,2,0.66,5.46,LOW
USER_00529,Simulation,11,7.5,0,0.6,5.25,MEDIUM
USER_00530,Multiplayer,12,10.0,0,0.8,6.0,LOW
USER_00531,Adventure,9,9.7,1,0.78,5.91,LOW
USER_00532,Adventure,2,7.8,2,0.62,5.34,MEDIUM
USER_00533,Simulation,11,7.2,1,0.58,5.16,MEDIUM
USER_00534,Adventure,12,7.8,1,0.62,5.34,MEDIUM
USER_00535,Simulation,10,6.1,0,0.49,4.83,HIGH
USER_00536,Adventure,7,6.7,3,0.54,5.01,MEDIUM
USER_00537,Adventure,6,9.3,2,0.74,5.79,LOW
USER_00538,Multiplayer,7,5.6,2,0.45,4.68,HIGH
USER_00539,Action,10,7.0,2,0.56,5.1,MEDIUM
USER_00540,Adventure,2,7.4,1,0.59,5.22,MEDIUM
USER_00541,Simulation,2,8.4,1,0.67,5.52,LOW
USER_00542,Action,11,8.1,5,0.65,5.43,LOW
USER_00543,Multiplayer,2,8.6,0,0.69,5.58,LOW
USER_00544,Simulation,11,7.0,4,0.56,5.1,MEDIUM
USER_00545,Action,6,5.7,1,0.46,4.71,HIGH
USER_00546,Simulation,5,9.1,2,0.73,5.73,LOW
USER_00547,Adventure,4,7.4,1,0.59,5.22,MEDIUM
USER_00548,Simulation,1,5.6,1,0.45,4.68,HIGH
USER_00549,Action,7,9.3,2,0.74,5.79,LOW
USER_00550,Adventure,7,8.5,3,0.68,5.55,LOW
USER_00551,Action,2,10.0,1,0.8,6.0,LOW
USER_00552,Adventure,9,6.8,1,0.54,5.04,MEDIUM
USER_00553,Simulation,10,7.0,1,0.56,5.1,MEDIUM
USER_00554,Multiplayer,2,7.5,0,0.6,5.25,MEDIUM
USER_00555,Simulation,12,8.8,0,0.7,5.64,LOW
USER_00556,Simulation,9,6.9,6,0.55,5.07,MEDIUM
USER_00557,Simulation,10,7.1,1,0.57,5.13,MEDIUM
USER_00558,Action,1,8.1,2,0.65,5.43,LOW
USER_00559,Adventure,6,6.6,1,0.53,4.98,MEDIUM
USER_00560,Multiplayer,3,5.0,3,0.4,4.5,HIGH
USER_00561,Simulation,12,7.8,3,0.62,5.34,MEDIUM
USER_00562,Multiplayer,8,7.4,1,0.59,5.22,MEDIUM
USER_00563,Adventure,5,8.2,2,0.66,5.46,LOW
USER_00564,Action,11,8.8,2,0.7,5.64,LOW
USER_00565,Adventure,11,9.3,2,0.74,5.79,LOW
USER_00566,Adventure,3,9.8,0,0.78,5.94,LOW
USER_00567,Multiplayer,10,8.1,2,0.65,5.43,LOW
USER_00568,Simulation,1,10.0,3,0.8,6.0,LOW
USER_00569,Simulation,12,7.7,2,0.62,5.31,MEDIUM
USER_00570,Adventure,11,8.8,3,0.7,5.64,LOW
USER_00571,Multiplayer,12,6.6,1,0.53,4.98,MEDIUM
USER_00572,Multiplayer,3,6.4,2,0.51,4.92,HIGH
USER_00573,Multiplayer,6,5.8,1,0.46,4.74,HIGH
USER_00574,Multiplayer,9,8.7,1,0.7,5.61,LOW
USER_00575,Simulation,5,8.7,1,0.7,5.61,LOW
USER_00576,Multiplayer,9,7.2,5,0.58,5.16,MEDIUM
USER_00577,Adventure,5,8.3,4,0.66,5.49,LOW
USER_00578,Action,5,6.7,3,0.54,5.01,MEDIUM
USER_00579,Multiplayer,6,5.5,2,0.44,4.65,HIGH
USER_00580,Action,11,8.5,0,0.68,5.55,LOW
USER_00581,Action,2,6.9,1,0.55,5.07,MEDIUM
USER_00582,Adventure,2,8.1,1,0.65,5.43,LOW
USER_00583,Adventure,10,6.6,0,0.53,4.98,MEDIUM
USER_00584,Action,2,7.1,1,0.57,5.13,MEDIUM
USER_00585,Simulation,9,8.9,1,0.71,5.67,LOW
USER_00586,Multiplayer,1,8.3,2,0.66,5.49,LOW
USER_00587,Multiplayer,11,7.8,1,0.62,5.34,MEDIUM
USER_00588,Adventure,8,7.0,3,0.56,5.1,MEDIUM
USER_00589,Multiplayer,9,9.3,1,0.74,5.79,LOW
USER_00590,Action,7,7.7,0,0.62,5.31,MEDIUM
USER_00591,Action,10,8.6,1,0.69,5.58,LOW
USER_00592,Adventure,12,8.0,3,0.64,5.4,LOW
USER_00593,Action,12,6.7,1,0.54,5.01,MEDIUM
USER_00594,Multiplayer,12,8.1,2,0.65,5.43,LOW
USER_00595,Simulation,4,7.7,2,0.62,5.31,MEDIUM
USER_00596,Action,10,6.6,3,0.53,4.98,MEDIUM
USER_00597,Multiplayer,3,7.8,1,0.62,5.34,MEDIUM
USER_00598,Adventure,3,7.7,0,0.62,5.31,MEDIUM
USER_00599,Action,6,6.1,0,0.49,4.83,HIGH
USER_00600,Adventure,9,8.4,2,0.67,5.52,LOW
USER_00601,Simulation,1,7.7,0,0.62,5.31,MEDIUM
USER_00602,Multiplayer,8,6.5,0,0.52,4.95,MEDIUM
USER_00603,Multiplayer,3,7.3,2,0.58,5.19,MEDIUM
USER_00604,Simulation,2,8.5,1,0.68,5.55,LOW
USER_00605,Simulation,11,8.5,2,0.68,5.55,LOW
USER_00606,Adventure,9,6.4,2,0.51,4.92,HIGH
USER_00607,Action,5,9.5,2,0.76,5.85,LOW
USER_00608,Simulation,8,7.6,1,0.61,5.28,MEDIUM
USER_00609,Simulation,5,7.4,1,0.59,5.22,MEDIUM
USER_00610,Adventure,1,8.8,0,0.7,5.64,LOW
USER_00611,Multiplayer,4,8.5,2,0.68,5.55,LOW
USER_00612,Simulation,11,8.0,1,0.64,5.4,LOW
USER_00613,Action,8,8.6,3,0.69,5.58,LOW
USER_00614,Multiplayer,1,6.1,0,0.49,4.83,HIGH
USER_00615,Simulation,1,8.0,0,0.64,5.4,LOW
USER_00616,Multiplayer,6,6.2,5,0.5,4.86,HIGH
USER_00617,Simulation,6,6.7,1,0.54,5.01,MEDIUM
USER_00618,Action,1,9.6,0,0.77,5.88,LOW
USER_00619,Simulation,12,7.5,0,0.6,5.25,MEDIUM
USER_00620,Adventure,7,6.5,1,0.52,4.95,MEDIUM
USER_00621,Simulation,1,8.4,3,0.67,5.52,LOW
USER_00622,Action,7,8.7,3,0.7,5.61,LOW
USER_00623,Multiplayer,4,7.2,4,0.58,5.16,MEDIUM
USER_00624,Action,9,7.9,1,0.63,5.37,MEDIUM
USER_00625,Adventure,7,7.8,1,0.62,5.34,MEDIUM
USER_00626,Action,8,6.6,0,0.53,4.98,MEDIUM
USER_00627,Action,3,9.3,3,0.74,5.79,LOW
USER_00628,Simulation,4,8.5,2,0.68,5.55,LOW
USER_00629,Multiplayer,7,8.3,3,0.66,5.49,LOW
USER_00630,Simulation,5,9.0,3,0.72,5.7,LOW
USER_00631,Simulation,7,8.1,1,0.65,5.43,LOW
USER_00632,Adventure,9,9.9,1,0.79,5.97,LOW
USER_00633,Simulation,2,6.8,0,0.54,5.04,MEDIUM
USER_00634,Multiplayer,11,7.1,1,0.57,5.13,MEDIUM
USER_00635,Multiplayer,3,6.7,2,0.54,5.01,MEDIUM
USER_00636,Adventure,6,8.1,0,0.65,5.43,LOW
USER_00637,Multiplayer,1,8.8,2,0.7,5.64,LOW
USER_00638,Simulation,12,6.7,2,0.54,5.01,MEDIUM
USER_00639,Adventure,2,8.0,1,0.64,5.4,LOW
USER_00640,Adventure,5,7.4,1,0.59,5.22,MEDIUM
USER_00641,Action,3,7.5,2,0.6,5.25,MEDIUM
USER_00642,Multiplayer,7,8.9,1,0.71,5.67,LOW
USER_00643,Simulation,1,8.3,1,0.66,5.49,LOW
USER_00644,Adventure,11,8.1,2,0.65,5.43,LOW
USER_00645,Adventure,8,7.0,0,0.56,5.1,MEDIUM
USER_00646,Simulation,2,7.2,2,0.58,5.16,MEDIUM
USER_00647,Multiplayer,8,7.0,3,0.56,5.1,MEDIUM
USER_00648,Multiplayer,11,6.1,4,0.49,4.83,HIGH
USER_00649,Adventure,6,6.4,0,0.51,4.92,HIGH
USER_00650,Multiplayer,9,8.4,0,0.67,5.52,LOW
USER_00651,Multiplayer,3,5.9,2,0.47,4.77,HIGH
USER_00652,Action,2,6.7,2,0.54,5.01,MEDIUM
USER_00653,Action,3,8.2,1,0.66,5.46,LOW
USER_00654,Adventure,6,7.8,2,0.62,5.34,MEDIUM
USER_00655,Action,11,9.1,0,0.73,5.73,LOW
USER_00656,Adventure,1,9.0,0,0.72,5.7,LOW
USER_00657,Simulation,7,9.2,0,0.74,5.76,LOW
USER_00658,Action,7,8.5,1,0.68,5.55,LOW
USER_00659,Multiplayer,5,9.5,0,0.76,5.85,LOW
USER_00660,Simulation,8,9.1,1,0.73,5.73,LOW
USER_00661,Action,7,9.6,1,0.77,5.88,LOW
USER_00662,Adventure,10,8.6,1,0.69,5.58,LOW
USER_00663,Adventure,12,7.9,0,0.63,5.37,MEDIUM
USER_00664,Adventure,4,8.9,3,0.71,5.67,LOW
USER_00665,Simulation,2,8.1,0,0.65,5.43,LOW
USER_00666,Simulation,12,7.9,0,0.63,5.37,MEDIUM
USER_00667,Adventure,11,7.3,2,0.58,5.19,MEDIUM
USER_00668,Multiplayer,4,7.8,2,0.62,5.34,MEDIUM
USER_00669,Multiplayer,12,8.7,1,0.7,5.61,LOW
USER_00670,Action,12,7.8,1,0.62,5.34,MEDIUM
USER_00671,Adventure,4,9.3,3,0.74,5.79,LOW
USER_00672,Adventure,4,6.6,0,0.53,4.98,MEDIUM
USER_00673,Action,3,8.1,1,0.65,5.43,LOW
USER_00674,Multiplayer,1,7.3,1,0.58,5.19,MEDIUM
USER_00675,Simulation,4,9.0,0,0.72,5.7,LOW
USER_00676,Adventure,7,9.2,2,0.74,5.76,LOW
USER_00677,Action,10,6.2,0,0.5,4.86,HIGH
USER_00678,Adventure,2,8.1,1,0.65,5.43,LOW
USER_00679,Action,7,8.4,0,0.67,5.52,LOW
USER_00680,Multiplayer,9,8.4,2,0.67,5.52,LOW
USER_00681,Simulation,12,6.6,1,0.53,4.98,MEDIUM
USER_00682,Adventure,4,7.7,1,0.62,5.31,MEDIUM
USER_00683,Simulation,7,7.5,1,0.6,5.25,MEDIUM
USER_00684,Multiplayer,1,8.0,0,0.64,5.4,LOW
USER_00685,Multiplayer,11,7.1,3,0.57,5.13,MEDIUM
USER_00686,Action,5,8.5,1,0.68,5.55,LOW
USER_00687,Action,5,7.7,2,0.62,5.31,MEDIUM
USER_00688,Simulation,5,7.8,0,0.62,5.34,MEDIUM
USER_00689,Simulation,12,9.1,0,0.73,5.73,LOW
USER_00690,Multiplayer,4,8.1,2,0.65,5.43,LOW
USER_00691,Simulation,1,8.6,0,0.69,5.58,LOW
USER_00692,Adventure,1,7.8,2,0.62,5.34,MEDIUM
USER_00693,Action,1,8.6,2,0.69,5.58,LOW
USER_00694,Simulation,4,10.0,4,0.8,6.0,LOW
USER_00695,Simulation,8,7.8,1,0.62,5.34,MEDIUM
USER_00696,Simulation,10,8.3,2,0.66,5.49,LOW
USER_00697,Action,7,7.3,1,0.58,5.19,MEDIUM
USER_00698,Adventure,5,7.7,1,0.62,5.31,MEDIUM
USER_00699,Multiplayer,6,6.5,2,0.52,4.95,MEDIUM
USER_00700,Simulation,5,7.5,2,0.6,5.25,MEDIUM
USER_00701,Action,2,6.6,1,0.53,4.98,MEDIUM
USER_00702,Action,11,9.8,0,0.78,5.94,LOW
USER_00703,Adventure,6,8.8,3,0.7,5.64,LOW
USER_00704,Simulation,12,8.1,1,0.65,5.43,LOW
USER_00705,Simulation,12,8.4,0,0.67,5.52,LOW
USER_00706,Simulation,4,8.7,0,0.7,5.61,LOW
USER_00707,Simulation,4,7.6,2,0.61,5.28,MEDIUM
USER_00708,Multiplayer,2,8.6,4,0.69,5.58,LOW
USER_00709,Action,3,8.0,3,0.64,5.4,LOW
USER_00710,Action,1,9.6,0,0.77,5.88,LOW
USER_00711,Adventure,4,8.5,3,0.68,5.55,LOW
USER_00712,Multiplayer,2,8.2,1,0.66,5.46,LOW
USER_00713,Action,9,6.7,1,0.54,5.01,MEDIUM
USER_00714,Simulation,5,8.3,3,0.66,5.49,LOW
USER_00715,Multiplayer,4,7.8,0,0.62,5.34,MEDIUM
USER_00716,Adventure,1,7.2,2,0.58,5.16,MEDIUM
USER_00717,Adventure,4,9.4,0,0.75,5.82,LOW
USER_00718,Multiplayer,9,7.2,2,0.58,5.16,MEDIUM
USER_00719,Simulation,9,8.6,0,0.69,5.58,LOW
USER_00720,Simulation,6,7.4,2,0.59,5.22,MEDIUM
USER_00721,Multiplayer,11,7.1,1,0.57,5.13,MEDIUM
USER_00722,Action,7,7.4,3,0.59,5.22,MEDIUM
USER_00723,Action,8,8.0,1,0.64,5.4,LOW
USER_00724,Multiplayer,9,6.6,0,0.53,4.98,MEDIUM
USER_00725,Action,3,8.4,2,0.67,5.52,LOW
USER_00726,Simulation,12,8.7,0,0.7,5.61,LOW
USER_00727,Adventure,5,8.4,0,0.67,5.52,LOW
USER_00728,Action,10,8.8,3,0.7,5.64,LOW
USER_00729,Action,12,9.6,3,0.77,5.88,LOW
USER_00730,Adventure,12,9.0,0,0.72,5.7,LOW
USER_00731,Multiplayer,8,7.6,3,0.61,5.28,MEDIUM
USER_00732,Action,3,6.1,3,0.49,4.83,HIGH
USER_00733,Multiplayer,9,7.4,1,0.59,5.22,MEDIUM
USER_00734,Multiplayer,9,6.6,0,0.53,4.98,MEDIUM
USER_00735,Multiplayer,7,8.9,0,0.71,5.67,LOW
USER_00736,Simulation,4,7.1,0,0.57,5.13,MEDIUM
USER_00737,Adventure,1,7.2,2,0.58,5.16,MEDIUM
USER_00738,Adventure,10,7.7,2,0.62,5.31,MEDIUM
USER_00739,Adventure,10,8.3,1,0.66,5.49,LOW
USER_00740,Action,9,6.3,2,0.5,4.89,HIGH
USER_00741,Multiplayer,9,8.3,2,0.66,5.49,LOW
USER_00742,Simulation,5,7.6,4,0.61,5.28,MEDIUM
USER_00743,Adventure,5,8.3,0,0.66,5.49,LOW
USER_00744,Simulation,9,6.7,2,0.54,5.01,MEDIUM
USER_00745,Action,3,7.9,1,0.63,5.37,MEDIUM
USER_00746,Adventure,1,6.6,2,0.53,4.98,MEDIUM
USER_00747,Adventure,5,8.3,3,0.66,5.49,LOW
USER_00748,Action,11,7.0,1,0.56,5.1,MEDIUM
USER_00749,Adventure,5,7.6,1,0.61,5.28,MEDIUM
USER_00750,Adventure,5,6.1,3,0.49,4.83,HIGH
USER_00751,Action,11,9.0,3,0.72,5.7,LOW
USER_00752,Adventure,4,6.9,1,0.55,5.07,MEDIUM
USER_00753,Action,1,7.3,2,0.58,5.19,MEDIUM
USER_00754,Simulation,11,7.3,3,0.58,5.19,MEDIUM
USER_00755,Simulation,6,7.5,1,0.6,5.25,MEDIUM
USER_00756,Action,12,8.6,1,0.69,5.58,LOW
USER_00757,Simulation,12,8.0,0,0.64,5.4,LOW
USER_00758,Adventure,7,9.1,2,0.73,5.73,LOW
USER_00759,Simulation,6,7.3,1,0.58,5.19,MEDIUM
USER_00760,Action,11,8.6,0,0.69,5.58,LOW
USER_00761,Action,6,7.2,0,0.58,5.16,MEDIUM
USER_00762,Adventure,12,7.7,4,0.62,5.31,MEDIUM
USER_00763,Simulation,3,5.7,1,0.46,4.71,HIGH
USER_00764,Simulation,1,7.2,1,0.58,5.16,MEDIUM
USER_00765,Action,12,8.0,2,0.64,5.4,LOW
USER_00766,Multiplayer,11,8.7,1,0.7,5.61,LOW
USER_00767,Simulation,11,7.7,0,0.62,5.31,MEDIUM
USER_00768,Adventure,8,8.6,1,0.69,5.58,LOW
USER_00769,Adventure,6,7.4,1,0.59,5.22,MEDIUM
USER_00770,Simulation,4,5.9,2,0.47,4.77,HIGH
USER_00771,Multiplayer,3,8.1,2,0.65,5.43,LOW
USER_00772,Multiplayer,4,7.1,1,0.57,5.13,MEDIUM
USER_00773,Multiplayer,6,8.4,0,0.67,5.52,LOW
USER_00774,Adventure,8,8.0,1,0.64,5.4,LOW
USER_00775,Action,8,9.2,2,0.74,5.76,LOW
USER_00776,Adventure,8,7.9,1,0.63,5.37,MEDIUM
USER_00777,Adventure,3,7.1,2,0.57,5.13,MEDIUM
USER_00778,Adventure,10,7.5,4,0.6,5.25,MEDIUM
USER_00779,Multiplayer,12,7.8,0,0.62,5.34,MEDIUM
USER_00780,Adventure,11,6.2,0,0.5,4.86,HIGH
USER_00781,Simulation,1,8.0,1,0.64,5.4,LOW
USER_00782,Simulation,3,7.3,0,0.58,5.19,MEDIUM
USER_00783,Adventure,7,7.4,2,0.59,5.22,MEDIUM
USER_00784,Adventure,2,8.5,2,0.68,5.55,LOW
USER_00785,Adventure,2,7.0,0,0.56,5.1,MEDIUM
USER_00786,Multiplayer,4,7.4,1,0.59,5.22,MEDIUM
USER_00787,Multiplayer,11,8.6,1,0.69,5.58,LOW
USER_00788,Multiplayer,2,7.4,2,0.59,5.22,MEDIUM
USER_00789,Adventure,12,7.7,3,0.62,5.31,MEDIUM
USER_00790,Action,10,7.6,0,0.61,5.28,MEDIUM
USER_00791,Action,7,9.2,4,0.74,5.76,LOW
USER_00792,Multiplayer,1,7.8,0,0.62,5.34,MEDIUM
USER_00793,Action,1,6.0,1,0.48,4.8,HIGH
USER_00794,Action,3,9.7,2,0.78,5.91,LOW
USER_00795,Adventure,2,6.7,3,0.54,5.01,MEDIUM
USER_00796,Simulation,3,6.4,2,0.51,4.92,HIGH
USER_00797,Action,1,5.8,3,0.46,4.74,HIGH
USER_00798,Action,9,8.8,2,0.7,5.64,LOW
USER_00799,Simulation,12,8.7,2,0.7,5.61,LOW
USER_00800,Action,4,8.2,2,0.66,5.46,LOW
USER_00801,Adventure,8,7.1,1,0.57,5.13,MEDIUM
USER_00802,Multiplayer,3,8.0,1,0.64,5.4,LOW
USER_00803,Simulation,6,8.8,1,0.7,5.64,LOW
USER_00804,Multiplayer,3,8.9,0,0.71,5.67,LOW
USER_00805,Adventure,1,7.1,4,0.57,5.13,MEDIUM
USER_00806,Simulation,11,6.8,0,0.54,5.04,MEDIUM
USER_00807,Action,1,8.1,2,0.65,5.43,LOW
USER_00808,Action,2,8.0,0,0.64,5.4,LOW
USER_00809,Simulation,2,6.9,1,0.55,5.07,MEDIUM
USER_00810,Multiplayer,3,7.9,3,0.63,5.37,MEDIUM
USER_00811,Action,4,6.8,3,0.54,5.04,MEDIUM
USER_00812,Action,4,6.9,1,0.55,5.07,MEDIUM
USER_00813,Multiplayer,7,6.9,2,0.55,5.07,MEDIUM
USER_00814,Adventure,6,8.6,1,0.69,5.58,LOW
USER_00815,Simulation,4,9.5,3,0.76,5.85,LOW
USER_00816,Multiplayer,11,8.3,1,0.66,5.49,LOW
USER_00817,Action,8,9.4,1,0.75,5.82,LOW
USER_00818,Adventure,2,10.0,2,0.8,6.0,LOW
USER_00819,Adventure,2,7.8,1,0.62,5.34,MEDIUM
USER_00820,Simulation,6,8.1,6,0.65,5.43,LOW
USER_00821,Action,10,7.9,0,0.63,5.37,MEDIUM
USER_00822,Simulation,2,8.4,1,0.67,5.52,LOW
USER_00823,Simulation,2,9.1,0,0.73,5.73,LOW
USER_00824,Action,10,8.3,1,0.66,5.49,LOW
USER_00825,Adventure,3,8.3,2,0.66,5.49,LOW
USER_00826,Multiplayer,9,10.0,3,0.8,6.0,LOW
USER_00827,Simulation,10,7.2,1,0.58,5.16,MEDIUM
USER_00828,Adventure,11,7.6,2,0.61,5.28,MEDIUM
USER_00829,Multiplayer,3,9.6,3,0.77,5.88,LOW
USER_00830,Simulation,10,6.9,0,0.55,5.07,MEDIUM
USER_00831,Simulation,6,7.8,1,0.62,5.34,MEDIUM
USER_00832,Action,5,7.9,0,0.63,5.37,MEDIUM
USER_00833,Multiplayer,11,9.5,1,0.76,5.85,LOW
USER_00834,Simulation,5,7.0,2,0.56,5.1,MEDIUM
USER_00835,Action,1,7.2,1,0.58,5.16,MEDIUM
USER_00836,Adventure,11,8.0,0,0.64,5.4,LOW
USER_00837,Adventure,6,6.6,0,0.53,4.98,MEDIUM
USER_00838,Adventure,7,7.5,0,0.6,5.25,MEDIUM
USER_00839,Multiplayer,12,6.3,2,0.5,4.89,HIGH
USER_00840,Multiplayer,2,8.9,1,0.71,5.67,LOW
USER_00841,Action,10,8.2,0,0.66,5.46,LOW
USER_00842,Multiplayer,12,8.5,1,0.68,5.55,LOW
USER_00843,Simulation,3,9.8,1,0.78,5.94,LOW
USER_00844,Action,6,7.0,1,0.56,5.1,MEDIUM
USER_00845,Adventure,3,8.6,1,0.69,5.58,LOW
USER_00846,Multiplayer,6,6.6,1,0.53,4.98,MEDIUM
USER_00847,Simulation,8,8.1,0,0.65,5.43,LOW
USER_00848,Multiplayer,8,8.3,0,0.66,5.49,LOW
USER_00849,Multiplayer,10,8.2,0,0.66,5.46,LOW
USER_00850,Simulation,3,8.2,2,0.66,5.46,LOW
USER_00851,Adventure,7,7.8,0,0.62,5.34,MEDIUM
USER_00852,Multiplayer,9,9.2,0,0.74,5.76,LOW
USER_00853,Multiplayer,9,6.9,4,0.55,5.07,MEDIUM
USER_00854,Multiplayer,9,7.8,1,0.62,5.34,MEDIUM
USER_00855,Adventure,7,8.0,1,0.64,5.4,LOW
USER_00856,Action,10,7.9,2,0.63,5.37,MEDIUM
USER_00857,Multiplayer,9,9.2,4,0.74,5.76,LOW
USER_00858,Adventure,12,8.7,3,0.7,5.61,LOW
USER_00859,Action,4,7.6,1,0.61,5.28,MEDIUM
USER_00860,Simulation,1,6.9,3,0.55,5.07,MEDIUM
USER_00861,Adventure,1,8.6,2,0.69,5.58,LOW
USER_00862,Simulation,9,8.2,1,0.66,5.46,LOW
USER_00863,Multiplayer,3,8.1,2,0.65,5.43,LOW
USER_00864,Action,1,8.0,2,0.64,5.4,LOW
USER_00865,Simulation,6,8.0,1,0.64,5.4,LOW
USER_00866,Adventure,5,7.0,1,0.56,5.1,MEDIUM
USER_00867,Multiplayer,3,6.7,3,0.54,5.01,MEDIUM
USER_00868,Multiplayer,4,7.9,2,0.63,5.37,MEDIUM
USER_00869,Adventure,4,6.7,1,0.54,5.01,MEDIUM
USER_00870,Action,12,8.0,1,0.64,5.4,LOW
USER_00871,Adventure,2,9.8,3,0.78,5.94,LOW
USER_00872,Adventure,7,5.9,0,0.47,4.77,HIGH
USER_00873,Action,12,8.0,3,0.64,5.4,LOW
USER_00874,Multiplayer,6,7.0,3,0.56,5.1,MEDIUM
USER_00875,Action,12,9.2,3,0.74,5.76,LOW
USER_00876,Action,11,7.5,2,0.6,5.25,MEDIUM
USER_00877,Action,8,8.0,1,0.64,5.4,LOW
USER_00878,Adventure,1,8.1,0,0.65,5.43,LOW
USER_00879,Adventure,6,6.3,2,0.5,4.89,HIGH
USER_00880,Adventure,2,6.4,1,0.51,4.92,HIGH
USER_00881,Adventure,2,7.2,1,0.58,5.16,MEDIUM
USER_00882,Action,10,6.8,0,0.54,5.04,MEDIUM
USER_00883,Multiplayer,3,8.7,0,0.7,5.61,LOW
USER_00884,Adventure,8,6.5,0,0.52,4.95,MEDIUM
USER_00885,Adventure,12,8.2,3,0.66,5.46,LOW
USER_00886,Simulation,8,7.4,2,0.59,5.22,MEDIUM
USER_00887,Multiplayer,12,5.9,3,0.47,4.77,HIGH
USER_00888,Simulation,8,9.2,1,0.74,5.76,LOW
USER_00889,Action,5,7.8,3,0.62,5.34,MEDIUM
USER_00890,Action,3,7.1,3,0.57,5.13,MEDIUM
USER_00891,Action,11,7.9,2,0.63,5.37,MEDIUM
USER_00892,Action,10,8.5,0,0.68,5.55,LOW
USER_00893,Adventure,9,7.7,0,0.62,5.31,MEDIUM
USER_00894,Adventure,1,6.8,3,0.54,5.04,MEDIUM
USER_00895,Multiplayer,7,8.3,0,0.66,5.49,LOW
USER_00896,Multiplayer,9,8.5,2,0.68,5.55,LOW
USER_00897,Simulation,10,7.9,0,0.63,5.37,MEDIUM
USER_00898,Simulation,12,10.0,0,0.8,6.0,LOW
USER_00899,Adventure,7,8.2,2,0.66,5.46,LOW
USER_00900,Adventure,5,8.6,0,0.69,5.58,LOW
USER_00901,Action,9,7.2,1,0.58,5.16,MEDIUM
USER_00902,Multiplayer,3,10.0,1,0.8,6.0,LOW
USER_00903,Adventure,7,7.9,1,0.63,5.37,MEDIUM
USER_00904,Action,4,8.1,0,0.65,5.43,LOW
USER_00905,Multiplayer,3,8.5,2,0.68,5.55,LOW
USER_00906,Action,12,5.3,0,0.42,4.59,HIGH
USER_00907,Multiplayer,8,7.7,3,0.62,5.31,MEDIUM
USER_00908,Simulation,11,6.4,4,0.51,4.92,HIGH
USER_00909,Multiplayer,7,8.4,3,0.67,5.52,LOW
USER_00910,Adventure,1,8.3,1,0.66,5.49,LOW
USER_00911,Simulation,11,8.2,2,0.66,5.46,LOW
USER_00912,Multiplayer,4,7.1,3,0.57,5.13,MEDIUM
USER_00913,Simulation,2,6.6,2,0.53,4.98,MEDIUM
USER_00914,Action,2,7.0,1,0.56,5.1,MEDIUM
USER_00915,Simulation,10,7.8,0,0.62,5.34,MEDIUM
USER_00916,Simulation,1,7.5,2,0.6,5.25,MEDIUM
USER_00917,Adventure,5,8.8,3,0.7,5.64,LOW
USER_00918,Adventure,9,7.4,4,0.59,5.22,MEDIUM
USER_00919,Action,2,7.9,0,0.63,5.37,MEDIUM
USER_00920,Adventure,10,9.4,1,0.75,5.82,LOW
USER_00921,Action,5,8.0,1,0.64,5.4,LOW
USER_00922,Adventure,9,9.1,4,0.73,5.73,LOW
USER_00923,Adventure,11,6.5,1,0.52,4.95,MEDIUM
USER_00924,Action,4,8.4,5,0.67,5.52,LOW
USER_00925,Simulation,2,7.6,3,0.61,5.28,MEDIUM
USER_00926,Action,10,7.0,2,0.56,5.1,MEDIUM
USER_00927,Multiplayer,1,9.5,0,0.76,5.85,LOW
USER_00928,Action,6,8.2,3,0.66,5.46,LOW
USER_00929,Action,5,9.5,3,0.76,5.85,LOW
USER_00930,Action,6,7.6,2,0.61,5.28,MEDIUM
USER_00931,Simulation,7,7.4,0,0.59,5.22,MEDIUM
USER_00932,Adventure,6,7.9,2,0.63,5.37,MEDIUM
USER_00933,Multiplayer,12,7.4,2,0.59,5.22,MEDIUM
USER_00934,Simulation,3,7.7,2,0.62,5.31,MEDIUM
USER_00935,Action,6,6.5,1,0.52,4.95,MEDIUM
USER_00936,Multiplayer,12,7.9,0,0.63,5.37,MEDIUM
USER_00937,Action,9,7.7,2,0.62,5.31,MEDIUM
USER_00938,Adventure,1,6.4,0,0.51,4.92,HIGH
USER_00939,Multiplayer,8,7.3,0,0.58,5.19,MEDIUM
USER_00940,Action,5,9.1,2,0.73,5.73,LOW
USER_00941,Adventure,3,8.6,1,0.69,5.58,LOW
USER_00942,Multiplayer,2,7.3,3,0.58,5.19,MEDIUM
USER_00943,Action,12,7.4,3,0.59,5.22,MEDIUM
USER_00944,Adventure,4,7.8,1,0.62,5.34,MEDIUM
USER_00945,Adventure,12,8.2,2,0.66,5.46,LOW
USER_00946,Adventure,9,5.4,1,0.43,4.62,HIGH
USER_00947,Simulation,8,8.0,1,0.64,5.4,LOW
USER_00948,Adventure,6,7.9,0,0.63,5.37,MEDIUM
USER_00949,Simulation,6,7.5,0,0.6,5.25,MEDIUM
USER_00950,Multiplayer,1,6.8,0,0.54,5.04,MEDIUM
USER_00951,Multiplayer,4,8.9,1,0.71,5.67,LOW
USER_00952,Adventure,10,8.6,3,0.69,5.58,LOW
USER_00953,Action,3,6.4,1,0.51,4.92,HIGH
USER_00954,Multiplayer,2,8.2,2,0.66,5.46,LOW
USER_00955,Action,3,6.9,2,0.55,5.07,MEDIUM
USER_00956,Simulation,9,6.9,0,0.55,5.07,MEDIUM
USER_00957,Action,8,8.0,0,0.64,5.4,LOW
USER_00958,Action,8,8.0,4,0.64,5.4,LOW
USER_00959,Simulation,3,7.8,0,0.62,5.34,MEDIUM
USER_00960,Simulation,3,6.7,2,0.54,5.01,MEDIUM
USER_00961,Action,5,8.3,0,0.66,5.49,LOW
USER_00962,Simulation,6,8.1,1,0.65,5.43,LOW
USER_00963,Action,2,6.3,1,0.5,4.89,HIGH
USER_00964,Adventure,12,9.5,2,0.76,5.85,LOW
USER_00965,Multiplayer,5,7.7,2,0.62,5.31,MEDIUM
USER_00966,Multiplayer,5,6.9,1,0.55,5.07,MEDIUM
USER_00967,Multiplayer,11,7.4,3,0.59,5.22,MEDIUM
USER_00968,Adventure,2,7.2,1,0.58,5.16,MEDIUM
USER_00969,Multiplayer,1,7.0,1,0.56,5.1,MEDIUM
USER_00970,Simulation,5,8.2,2,0.66,5.46,LOW
USER_00971,Multiplayer,7,7.8,1,0.62,5.34,MEDIUM
USER_00972,Adventure,8,8.5,0,0.68,5.55,LOW
USER_00973,Simulation,9,8.2,3,0.66,5.46,LOW
USER_00974,Simulation,6,8.0,2,0.64,5.4,LOW
USER_00975,Action,11,8.8,0,0.7,5.64,LOW
USER_00976,Multiplayer,9,7.8,0,0.62,5.34,MEDIUM
USER_00977,Multiplayer,5,7.5,3,0.6,5.25,MEDIUM
USER_00978,Action,10,7.6,2,0.61,5.28,MEDIUM
USER_00979,Action,12,6.1,3,0.49,4.83,HIGH
USER_00980,Adventure,12,8.0,1,0.64,5.4,LOW
USER_00981,Action,3,10.0,0,0.8,6.0,LOW
USER_00982,Action,5,7.0,1,0.56,5.1,MEDIUM
USER_00983,Multiplayer,3,6.9,2,0.55,5.07,MEDIUM
USER_00984,Multiplayer,2,8.6,1,0.69,5.58,LOW
USER_00985,Adventure,7,7.3,2,0.58,5.19,MEDIUM
USER_00986,Multiplayer,11,7.6,2,0.61,5.28,MEDIUM
USER_00987,Action,6,8.3,0,0.66,5.49,LOW
USER_00988,Multiplayer,8,9.1,1,0.73,5.73,LOW
USER_00989,Multiplayer,2,8.4,1,0.67,5.52,LOW
USER_00990,Action,3,7.6,1,0.61,5.28,MEDIUM
USER_00991,Action,7,8.7,1,0.7,5.61,LOW
USER_00992,Multiplayer,4,7.3,1,0.58,5.19,MEDIUM
USER_00993,Multiplayer,6,8.3,1,0.66,5.49,LOW
USER_00994,Action,6,9.1,2,0.73,5.73,LOW
USER_00995,Simulation,10,6.6,1,0.53,4.98,MEDIUM
USER_00996,Multiplayer,4,8.4,1,0.67,5.52,LOW
USER_00997,Multiplayer,2,7.6,0,0.61,5.28,MEDIUM
USER_00998,Simulation,8,7.7,1,0.62,5.31,MEDIUM
USER_00999,Action,9,8.3,0,0.66,5.49,LOW
USER_01000,Adventure,8,8.4,0,0.67,5.52,LOW
